{"stats":{"minecraft:dropped":{"minecraft:water_bucket":1,"minecraft:enchanted_book":1,"minecraft:golden_boots":4,"minecraft:iron_ingot":2,"minecraft:soul_sand":13,"minecraft:golden_helmet":2,"minecraft:cooked_beef":107,"minecraft:ender_pearl":38,"minecraft:glass_bottle":3,"minecraft:leather":32,"minecraft:stick":6,"minecraft:flint":1,"minecraft:dirt":1,"minecraft:diorite":2,"minecraft:string":1,"minecraft:bucket":1,"minecraft:gold_ingot":110,"minecraft:pink_tulip":1,"minecraft:gravel":26,"minecraft:chiseled_polished_blackstone":1,"minecraft:sugar_cane":1,"minecraft:iron_nugget":7,"minecraft:golden_chestplate":1,"minecraft:nether_wart":4,"minecraft:nether_brick":1,"minecraft:birch_sapling":1,"minecraft:stone_shovel":2,"minecraft:rotten_flesh":1,"minecraft:iron_boots":1,"minecraft:ender_eye":1,"minecraft:filled_map":1,"minecraft:diamond_sword":1,"minecraft:gunpowder":2,"minecraft:andesite":128,"minecraft:golden_leggings":1,"minecraft:golden_sword":1,"minecraft:bow":1,"minecraft:arrow":142,"minecraft:stone_pickaxe":1,"minecraft:wooden_pickaxe":1,"minecraft:magma_cream":6,"minecraft:crying_obsidian":8,"minecraft:magma_block":5,"minecraft:quartz":18,"minecraft:netherrack":7},"minecraft:mined":{"minecraft:diamond_ore":4,"minecraft:end_stone":31,"minecraft:nether_bricks":21,"minecraft:grass_block":8,"minecraft:spruce_leaves":5,"minecraft:nether_wart":1,"minecraft:large_fern":1,"minecraft:tall_seagrass":1,"minecraft:redstone_ore":2,"minecraft:magma_block":9,"minecraft:iron_ore":8,"minecraft:nether_sprouts":2,"minecraft:fire":34,"minecraft:andesite":9,"minecraft:gold_block":1,"minecraft:twisting_vines":1,"minecraft:stone":79,"minecraft:blackstone":4,"minecraft:twisting_vines_plant":2,"minecraft:soul_fire":1,"minecraft:crafting_table":2,"minecraft:torch":2,"minecraft:dead_bush":1,"minecraft:cobblestone":4,"minecraft:wall_torch":1,"minecraft:spruce_log":13,"minecraft:birch_leaves":3,"minecraft:grass":2,"minecraft:oak_log":26,"minecraft:coal_ore":30,"minecraft:gravel":53,"minecraft:dirt":37,"minecraft:cobweb":2,"minecraft:cracked_stone_bricks":4,"minecraft:stone_bricks":8,"minecraft:netherrack":205,"minecraft:mossy_stone_bricks":4,"minecraft:gold_ore":26,"minecraft:oak_leaves":1},"minecraft:used":{"minecraft:flint_and_steel":2,"minecraft:stone_shovel":45,"minecraft:chest":2,"minecraft:spruce_planks":8,"minecraft:netherrack":188,"minecraft:torch":3,"minecraft:dirt":40,"minecraft:soul_sand":132,"minecraft:nether_bricks":8,"minecraft:obsidian":10,"minecraft:spruce_boat":10,"minecraft:lava_bucket":16,"minecraft:magma_block":1,"minecraft:bow":109,"minecraft:furnace":2,"minecraft:cooked_beef":52,"minecraft:golden_axe":28,"minecraft:water_bucket":31,"minecraft:iron_ore":2,"minecraft:stone_pickaxe":129,"minecraft:oak_planks":9,"minecraft:blackstone":3,"minecraft:ender_pearl":18,"minecraft:wooden_pickaxe":17,"minecraft:golden_apple":1,"minecraft:crafting_table":8,"minecraft:white_bed":4,"minecraft:end_stone":32,"minecraft:ender_eye":19,"minecraft:crying_obsidian":5,"minecraft:iron_pickaxe":334,"minecraft:gravel":47,"minecraft:stone_axe":24,"minecraft:diamond_sword":174,"minecraft:cobblestone":56,"minecraft:potion":3,"minecraft:andesite":3,"minecraft:cooked_porkchop":6,"minecraft:bucket":48,"minecraft:oak_boat":2,"minecraft:splash_potion":2},"minecraft:custom":{"minecraft:mob_kills":45,"minecraft:interact_with_crafting_table":26,"minecraft:leave_game":2,"minecraft:time_since_death":25571,"minecraft:climb_one_cm":125,"minecraft:sprint_one_cm":268160,"minecraft:walk_one_cm":177223,"minecraft:drop":187,"minecraft:deaths":3,"minecraft:sneak_time":16164,"minecraft:walk_under_water_one_cm":17244,"minecraft:boat_one_cm":196857,"minecraft:jump":2691,"minecraft:walk_on_water_one_cm":34498,"minecraft:interact_with_furnace":13,"minecraft:play_one_minute":107093,"minecraft:time_since_rest":25712,"minecraft:damage_taken":5716,"minecraft:damage_absorbed":10,"minecraft:damage_dealt":10357,"minecraft:player_kills":1,"minecraft:fly_one_cm":1609106,"minecraft:swim_one_cm":51399,"minecraft:open_chest":18,"minecraft:crouch_one_cm":60762,"minecraft:fall_one_cm":78475},"minecraft:picked_up":{"minecraft:crafting_table":3,"minecraft:splash_potion":3,"minecraft:nether_wart":8,"minecraft:diamond_sword":3,"minecraft:potion":3,"minecraft:gold_block":4,"minecraft:enchanted_book":1,"minecraft:nether_brick":45,"minecraft:golden_sword":1,"minecraft:string":159,"minecraft:flint_and_steel":3,"minecraft:blackstone":5,"minecraft:cracked_stone_bricks":4,"minecraft:bucket":1,"minecraft:spruce_planks":8,"minecraft:oak_boat":1,"minecraft:ender_eye":12,"minecraft:iron_nugget":25,"minecraft:iron_pickaxe":3,"minecraft:sugar_cane":2,"minecraft:chest":1,"minecraft:birch_sapling":1,"minecraft:iron_boots":3,"minecraft:golden_helmet":4,"minecraft:end_stone":67,"minecraft:stick":18,"minecraft:torch":11,"minecraft:fire_charge":50,"minecraft:golden_axe":1,"minecraft:diorite":2,"minecraft:golden_chestplate":2,"minecraft:arrow":3,"minecraft:rotten_flesh":2,"minecraft:stone_shovel":2,"minecraft:nether_bricks":8,"minecraft:pink_tulip":1,"minecraft:gold_ingot":135,"minecraft:blaze_rod":14,"minecraft:obsidian":19,"minecraft:white_wool":1,"minecraft:cobblestone":164,"minecraft:magma_block":9,"minecraft:cooked_beef":99,"minecraft:magma_cream":6,"minecraft:iron_door":3,"minecraft:water_bucket":2,"minecraft:andesite":12,"minecraft:leather":69,"minecraft:golden_leggings":1,"minecraft:flint":3,"minecraft:oak_log":26,"minecraft:golden_boots":3,"minecraft:gunpowder":2,"minecraft:dirt":42,"minecraft:bone":1,"minecraft:stone_bricks":7,"minecraft:bow":1,"minecraft:stone_pickaxe":1,"minecraft:iron_ore":10,"minecraft:mossy_stone_bricks":4,"minecraft:glowstone_dust":27,"minecraft:oak_planks":68,"minecraft:soul_sand":318,"minecraft:chiseled_polished_blackstone":1,"minecraft:cooked_porkchop":6,"minecraft:quartz":18,"minecraft:gravel":159,"minecraft:lava_bucket":1,"minecraft:white_bed":15,"minecraft:spruce_log":11,"minecraft:dragon_egg":1,"minecraft:gold_ore":26,"minecraft:crying_obsidian":13,"minecraft:diamond":6,"minecraft:spruce_boat":10,"minecraft:crossbow":1,"minecraft:netherrack":195,"minecraft:warped_nylium":4,"minecraft:coal":39,"minecraft:ender_pearl":42},"minecraft:crafted":{"minecraft:oak_planks":104,"minecraft:stone_shovel":1,"minecraft:golden_chestplate":1,"minecraft:blaze_powder":14,"minecraft:furnace":2,"minecraft:flint_and_steel":1,"minecraft:stone_pickaxe":1,"minecraft:chest":3,"minecraft:spruce_boat":1,"minecraft:ender_eye":14,"minecraft:golden_boots":1,"minecraft:coal_block":1,"minecraft:diamond_sword":1,"minecraft:crafting_table":6,"minecraft:spruce_planks":44,"minecraft:wooden_pickaxe":1,"minecraft:nether_bricks":11,"minecraft:bucket":2,"minecraft:stone_axe":1,"minecraft:air":0,"minecraft:oak_boat":1,"minecraft:white_wool":34,"minecraft:stick":24,"minecraft:iron_ingot":12,"minecraft:iron_pickaxe":2,"minecraft:gold_ingot":61,"minecraft:white_bed":11,"minecraft:torch":4},"minecraft:killed_by":{"minecraft:player":1,"minecraft:piglin":1},"minecraft:killed":{"minecraft:spider":3,"minecraft:skeleton":2,"minecraft:magma_cube":2,"minecraft:piglin":1,"minecraft:ender_dragon":1,"minecraft:hoglin":2,"minecraft:zombie":5,"minecraft:ghast":2,"minecraft:blaze":17,"minecraft:enderman":8},"minecraft:broken":{"minecraft:iron_pickaxe":1}},"DataVersion":2567}