{"stats":{"minecraft:dropped":{"minecraft:enchanted_book":1,"minecraft:golden_boots":3,"minecraft:iron_ingot":2,"minecraft:soul_sand":13,"minecraft:golden_helmet":1,"minecraft:cooked_beef":43,"minecraft:ender_pearl":6,"minecraft:glass_bottle":3,"minecraft:leather":32,"minecraft:dirt":1,"minecraft:string":1,"minecraft:gold_ingot":110,"minecraft:gravel":15,"minecraft:chiseled_polished_blackstone":1,"minecraft:sugar_cane":1,"minecraft:iron_nugget":7,"minecraft:nether_wart":4,"minecraft:nether_brick":1,"minecraft:stone_shovel":1,"minecraft:rotten_flesh":1,"minecraft:ender_eye":1,"minecraft:filled_map":1,"minecraft:gunpowder":2,"minecraft:golden_leggings":1,"minecraft:golden_sword":1,"minecraft:arrow":1,"minecraft:wooden_pickaxe":1,"minecraft:magma_cream":6,"minecraft:crying_obsidian":8,"minecraft:magma_block":5,"minecraft:quartz":18,"minecraft:netherrack":7},"minecraft:mined":{"minecraft:diamond_ore":4,"minecraft:nether_bricks":21,"minecraft:grass_block":8,"minecraft:spruce_leaves":5,"minecraft:nether_wart":1,"minecraft:large_fern":1,"minecraft:tall_seagrass":1,"minecraft:redstone_ore":2,"minecraft:magma_block":9,"minecraft:iron_ore":8,"minecraft:nether_sprouts":2,"minecraft:fire":20,"minecraft:andesite":4,"minecraft:gold_block":1,"minecraft:twisting_vines":1,"minecraft:stone":36,"minecraft:blackstone":4,"minecraft:twisting_vines_plant":2,"minecraft:soul_fire":1,"minecraft:crafting_table":2,"minecraft:dead_bush":1,"minecraft:cobblestone":3,"minecraft:spruce_log":13,"minecraft:birch_leaves":3,"minecraft:grass":2,"minecraft:oak_log":26,"minecraft:coal_ore":30,"minecraft:gravel":42,"minecraft:dirt":36,"minecraft:netherrack":205,"minecraft:gold_ore":26,"minecraft:oak_leaves":1},"minecraft:used":{"minecraft:flint_and_steel":2,"minecraft:stone_shovel":45,"minecraft:spruce_planks":8,"minecraft:netherrack":188,"minecraft:dirt":40,"minecraft:soul_sand":57,"minecraft:nether_bricks":8,"minecraft:obsidian":10,"minecraft:spruce_boat":10,"minecraft:lava_bucket":15,"minecraft:magma_block":1,"minecraft:furnace":2,"minecraft:cooked_beef":37,"minecraft:golden_axe":28,"minecraft:water_bucket":7,"minecraft:iron_ore":2,"minecraft:stone_pickaxe":110,"minecraft:blackstone":3,"minecraft:ender_pearl":2,"minecraft:wooden_pickaxe":17,"minecraft:golden_apple":1,"minecraft:crafting_table":6,"minecraft:ender_eye":7,"minecraft:crying_obsidian":5,"minecraft:iron_pickaxe":247,"minecraft:gravel":47,"minecraft:stone_axe":24,"minecraft:diamond_sword":122,"minecraft:cobblestone":9,"minecraft:potion":3,"minecraft:cooked_porkchop":6,"minecraft:bucket":24,"minecraft:oak_boat":2},"minecraft:custom":{"minecraft:mob_kills":38,"minecraft:interact_with_crafting_table":23,"minecraft:leave_game":1,"minecraft:time_since_death":22468,"minecraft:climb_one_cm":125,"minecraft:sprint_one_cm":173410,"minecraft:walk_one_cm":112562,"minecraft:drop":161,"minecraft:deaths":1,"minecraft:sneak_time":13171,"minecraft:walk_under_water_one_cm":7509,"minecraft:boat_one_cm":196857,"minecraft:jump":1758,"minecraft:walk_on_water_one_cm":16959,"minecraft:interact_with_furnace":13,"minecraft:play_one_minute":71874,"minecraft:time_since_rest":22493,"minecraft:damage_taken":4069,"minecraft:damage_absorbed":10,"minecraft:damage_dealt":8030,"minecraft:fly_one_cm":339752,"minecraft:swim_one_cm":46365,"minecraft:open_chest":10,"minecraft:crouch_one_cm":51307,"minecraft:fall_one_cm":51680},"minecraft:picked_up":{"minecraft:crafting_table":3,"minecraft:splash_potion":3,"minecraft:nether_wart":8,"minecraft:diamond_sword":1,"minecraft:potion":3,"minecraft:gold_block":4,"minecraft:enchanted_book":1,"minecraft:nether_brick":45,"minecraft:golden_sword":1,"minecraft:string":157,"minecraft:flint_and_steel":1,"minecraft:blackstone":5,"minecraft:spruce_planks":8,"minecraft:oak_boat":1,"minecraft:ender_eye":7,"minecraft:iron_nugget":25,"minecraft:iron_pickaxe":1,"minecraft:sugar_cane":2,"minecraft:birch_sapling":1,"minecraft:iron_boots":1,"minecraft:golden_helmet":2,"minecraft:stick":12,"minecraft:fire_charge":50,"minecraft:golden_axe":1,"minecraft:rotten_flesh":2,"minecraft:stone_shovel":2,"minecraft:nether_bricks":8,"minecraft:gold_ingot":135,"minecraft:blaze_rod":14,"minecraft:obsidian":19,"minecraft:cobblestone":39,"minecraft:magma_block":9,"minecraft:cooked_beef":67,"minecraft:magma_cream":6,"minecraft:water_bucket":1,"minecraft:leather":69,"minecraft:golden_leggings":1,"minecraft:flint":1,"minecraft:oak_log":26,"minecraft:golden_boots":3,"minecraft:gunpowder":2,"minecraft:dirt":42,"minecraft:stone_pickaxe":1,"minecraft:iron_ore":10,"minecraft:glowstone_dust":27,"minecraft:soul_sand":169,"minecraft:chiseled_polished_blackstone":1,"minecraft:cooked_porkchop":6,"minecraft:quartz":18,"minecraft:gravel":146,"minecraft:lava_bucket":1,"minecraft:spruce_log":11,"minecraft:gold_ore":26,"minecraft:crying_obsidian":13,"minecraft:diamond":6,"minecraft:spruce_boat":10,"minecraft:crossbow":1,"minecraft:netherrack":195,"minecraft:warped_nylium":4,"minecraft:coal":39,"minecraft:ender_pearl":30},"minecraft:crafted":{"minecraft:oak_planks":104,"minecraft:stone_shovel":1,"minecraft:golden_chestplate":1,"minecraft:blaze_powder":14,"minecraft:furnace":2,"minecraft:flint_and_steel":1,"minecraft:stone_pickaxe":1,"minecraft:spruce_boat":1,"minecraft:ender_eye":14,"minecraft:golden_boots":1,"minecraft:coal_block":1,"minecraft:diamond_sword":1,"minecraft:crafting_table":5,"minecraft:spruce_planks":44,"minecraft:wooden_pickaxe":1,"minecraft:nether_bricks":11,"minecraft:bucket":2,"minecraft:stone_axe":1,"minecraft:air":0,"minecraft:oak_boat":1,"minecraft:white_wool":34,"minecraft:stick":24,"minecraft:iron_ingot":12,"minecraft:iron_pickaxe":1,"minecraft:gold_ingot":61},"minecraft:killed_by":{"minecraft:piglin":1},"minecraft:killed":{"minecraft:spider":2,"minecraft:skeleton":1,"minecraft:magma_cube":2,"minecraft:piglin":1,"minecraft:hoglin":2,"minecraft:zombie":5,"minecraft:ghast":2,"minecraft:blaze":17,"minecraft:enderman":5},"minecraft:broken":{"minecraft:iron_pickaxe":1}},"DataVersion":2567}