{"stats":{"minecraft:dropped":{"minecraft:gravel":15,"minecraft:cooked_beef":5,"minecraft:wooden_pickaxe":1,"minecraft:filled_map":1},"minecraft:mined":{"minecraft:large_fern":1,"minecraft:diamond_ore":4,"minecraft:tall_seagrass":1,"minecraft:redstone_ore":2,"minecraft:iron_ore":8,"minecraft:spruce_log":13,"minecraft:andesite":4,"minecraft:grass_block":8,"minecraft:coal_ore":30,"minecraft:dead_bush":1,"minecraft:dirt":36,"minecraft:gravel":29,"minecraft:cobblestone":3,"minecraft:spruce_leaves":5,"minecraft:stone":36,"minecraft:gold_ore":26},"minecraft:picked_up":{"minecraft:stick":3,"minecraft:cooked_beef":1,"minecraft:gravel":28,"minecraft:flint":1,"minecraft:spruce_log":11,"minecraft:gold_ore":26,"minecraft:dirt":41,"minecraft:string":2,"minecraft:rotten_flesh":1,"minecraft:diamond":4,"minecraft:spruce_boat":1,"minecraft:iron_ore":8,"minecraft:sugar_cane":1,"minecraft:coal":30,"minecraft:cobblestone":39},"minecraft:custom":{"minecraft:time_since_rest":23874,"minecraft:interact_with_furnace":13,"minecraft:sprint_one_cm":47303,"minecraft:damage_absorbed":10,"minecraft:damage_taken":420,"minecraft:walk_one_cm":26953,"minecraft:mob_kills":4,"minecraft:drop":9,"minecraft:damage_dealt":1226,"minecraft:swim_one_cm":7988,"minecraft:interact_with_crafting_table":17,"minecraft:fly_one_cm":81656,"minecraft:open_chest":4,"minecraft:crouch_one_cm":16349,"minecraft:play_one_minute":23874,"minecraft:sneak_time":5387,"minecraft:walk_under_water_one_cm":1794,"minecraft:boat_one_cm":43268,"minecraft:jump":506,"minecraft:walk_on_water_one_cm":10780,"minecraft:leave_game":1,"minecraft:time_since_death":23874,"minecraft:fall_one_cm":14569},"minecraft:used":{"minecraft:spruce_boat":1,"minecraft:water_bucket":6,"minecraft:lava_bucket":10,"minecraft:flint_and_steel":1,"minecraft:stone_shovel":36,"minecraft:stone_pickaxe":29,"minecraft:iron_pickaxe":83,"minecraft:wooden_pickaxe":17,"minecraft:gravel":13,"minecraft:stone_axe":20,"minecraft:golden_apple":1,"minecraft:cobblestone":9,"minecraft:dirt":29,"minecraft:crafting_table":3,"minecraft:furnace":2,"minecraft:bucket":18,"minecraft:cooked_beef":5},"minecraft:crafted":{"minecraft:stone_shovel":1,"minecraft:crafting_table":3,"minecraft:spruce_planks":44,"minecraft:stick":24,"minecraft:iron_pickaxe":1,"minecraft:iron_ingot":10,"minecraft:wooden_pickaxe":1,"minecraft:stone_pickaxe":1,"minecraft:gold_ingot":25,"minecraft:furnace":2,"minecraft:spruce_boat":1,"minecraft:bucket":2,"minecraft:stone_axe":1,"minecraft:air":0,"minecraft:coal_block":1,"minecraft:flint_and_steel":1},"minecraft:killed":{"minecraft:zombie":2,"minecraft:spider":2}},"DataVersion":2567}