{"stats":{"minecraft:dropped":{"minecraft:gravel":15,"minecraft:wooden_pickaxe":1},"minecraft:mined":{"minecraft:large_fern":1,"minecraft:iron_ore":6,"minecraft:spruce_log":13,"minecraft:grass_block":8,"minecraft:coal_ore":10,"minecraft:dirt":31,"minecraft:gravel":29,"minecraft:cobblestone":1,"minecraft:spruce_leaves":5,"minecraft:stone":16},"minecraft:used":{"minecraft:stone_shovel":36,"minecraft:stone_pickaxe":29,"minecraft:wooden_pickaxe":17,"minecraft:gravel":13,"minecraft:stone_axe":6,"minecraft:golden_apple":1,"minecraft:dirt":2,"minecraft:crafting_table":1,"minecraft:furnace":1,"minecraft:bucket":2,"minecraft:cooked_beef":2},"minecraft:picked_up":{"minecraft:stick":1,"minecraft:gravel":28,"minecraft:flint":1,"minecraft:spruce_log":11,"minecraft:dirt":38,"minecraft:string":2,"minecraft:iron_ore":6,"minecraft:coal":10,"minecraft:cobblestone":15},"minecraft:custom":{"minecraft:time_since_rest":11874,"minecraft:interact_with_furnace":5,"minecraft:sprint_one_cm":16866,"minecraft:damage_absorbed":10,"minecraft:damage_taken":300,"minecraft:walk_one_cm":9650,"minecraft:mob_kills":1,"minecraft:drop":3,"minecraft:damage_dealt":214,"minecraft:interact_with_crafting_table":11,"minecraft:fly_one_cm":30861,"minecraft:crouch_one_cm":9842,"minecraft:play_one_minute":11874,"minecraft:sneak_time":3013,"minecraft:jump":245,"minecraft:leave_game":1,"minecraft:time_since_death":11874,"minecraft:fall_one_cm":5793},"minecraft:crafted":{"minecraft:stone_shovel":1,"minecraft:crafting_table":1,"minecraft:spruce_planks":28,"minecraft:stick":16,"minecraft:iron_pickaxe":1,"minecraft:iron_ingot":10,"minecraft:wooden_pickaxe":1,"minecraft:stone_pickaxe":1,"minecraft:furnace":1,"minecraft:bucket":2,"minecraft:stone_axe":1,"minecraft:air":0,"minecraft:flint_and_steel":1},"minecraft:killed":{"minecraft:spider":1}},"DataVersion":2567}