{"stats":{"minecraft:dropped":{"minecraft:gravel":15,"minecraft:golden_boots":1,"minecraft:cooked_beef":43,"minecraft:filled_map":1,"minecraft:wooden_pickaxe":1},"minecraft:mined":{"minecraft:diamond_ore":4,"minecraft:twisting_vines_plant":2,"minecraft:soul_fire":1,"minecraft:crafting_table":1,"minecraft:nether_bricks":21,"minecraft:grass_block":8,"minecraft:dead_bush":1,"minecraft:cobblestone":3,"minecraft:spruce_leaves":5,"minecraft:large_fern":1,"minecraft:tall_seagrass":1,"minecraft:redstone_ore":2,"minecraft:nether_sprouts":2,"minecraft:iron_ore":8,"minecraft:fire":20,"minecraft:spruce_log":13,"minecraft:andesite":4,"minecraft:twisting_vines":1,"minecraft:coal_ore":30,"minecraft:gravel":30,"minecraft:dirt":36,"minecraft:stone":36,"minecraft:netherrack":192,"minecraft:gold_ore":26},"minecraft:used":{"minecraft:water_bucket":7,"minecraft:flint_and_steel":1,"minecraft:stone_shovel":36,"minecraft:stone_pickaxe":109,"minecraft:wooden_pickaxe":17,"minecraft:netherrack":164,"minecraft:golden_apple":1,"minecraft:dirt":40,"minecraft:crafting_table":4,"minecraft:nether_bricks":8,"minecraft:spruce_boat":10,"minecraft:lava_bucket":13,"minecraft:iron_pickaxe":216,"minecraft:gravel":13,"minecraft:stone_axe":24,"minecraft:diamond_sword":98,"minecraft:cobblestone":9,"minecraft:furnace":2,"minecraft:cooked_porkchop":5,"minecraft:bucket":22,"minecraft:cooked_beef":23,"minecraft:golden_axe":1},"minecraft:custom":{"minecraft:interact_with_furnace":13,"minecraft:mob_kills":32,"minecraft:interact_with_crafting_table":19,"minecraft:play_one_minute":47874,"minecraft:leave_game":1,"minecraft:time_since_death":47874,"minecraft:climb_one_cm":125,"minecraft:time_since_rest":47874,"minecraft:sprint_one_cm":131596,"minecraft:walk_one_cm":73949,"minecraft:damage_taken":2398,"minecraft:damage_absorbed":10,"minecraft:drop":16,"minecraft:damage_dealt":6865,"minecraft:swim_one_cm":7988,"minecraft:fly_one_cm":301550,"minecraft:open_chest":5,"minecraft:crouch_one_cm":40355,"minecraft:sneak_time":9941,"minecraft:walk_under_water_one_cm":1794,"minecraft:boat_one_cm":53868,"minecraft:jump":1412,"minecraft:walk_on_water_one_cm":10780,"minecraft:fall_one_cm":42985},"minecraft:picked_up":{"minecraft:crafting_table":1,"minecraft:cooked_beef":34,"minecraft:flint":1,"minecraft:string":2,"minecraft:dirt":41,"minecraft:iron_ore":8,"minecraft:sugar_cane":1,"minecraft:stick":3,"minecraft:cooked_porkchop":6,"minecraft:gravel":28,"minecraft:spruce_log":11,"minecraft:gold_ore":26,"minecraft:rotten_flesh":1,"minecraft:diamond":4,"minecraft:nether_bricks":8,"minecraft:spruce_boat":10,"minecraft:warped_nylium":4,"minecraft:blaze_rod":7,"minecraft:netherrack":185,"minecraft:coal":30,"minecraft:cobblestone":39,"minecraft:ender_pearl":3},"minecraft:crafted":{"minecraft:coal_block":1,"minecraft:stone_shovel":1,"minecraft:diamond_sword":1,"minecraft:crafting_table":4,"minecraft:spruce_planks":44,"minecraft:wooden_pickaxe":1,"minecraft:furnace":2,"minecraft:bucket":2,"minecraft:stone_axe":1,"minecraft:air":0,"minecraft:flint_and_steel":1,"minecraft:stick":24,"minecraft:iron_ingot":10,"minecraft:iron_pickaxe":1,"minecraft:stone_pickaxe":1,"minecraft:gold_ingot":25,"minecraft:spruce_boat":1,"minecraft:golden_boots":1},"minecraft:killed":{"minecraft:magma_cube":2,"minecraft:spider":2,"minecraft:hoglin":2,"minecraft:zombie":2,"minecraft:ghast":2,"minecraft:enderman":5,"minecraft:blaze":17}},"DataVersion":2567}