{"stats":{"minecraft:dropped":{"minecraft:enchanted_book":2,"minecraft:golden_boots":3,"minecraft:golden_helmet":2,"minecraft:glass_bottle":6,"minecraft:feather":2,"minecraft:cobblestone":3,"minecraft:leather":6,"minecraft:stick":2,"minecraft:gold_block":3,"minecraft:cracked_polished_blackstone_bricks":7,"minecraft:diorite":1,"minecraft:iron_door":4,"minecraft:bone_block":14,"minecraft:string":1,"minecraft:spruce_sapling":1,"minecraft:bone":8,"minecraft:gold_ingot":129,"minecraft:pink_tulip":1,"minecraft:gravel":31,"minecraft:chiseled_polished_blackstone":12,"minecraft:blackstone":23,"minecraft:sugar_cane":1,"minecraft:golden_chestplate":3,"minecraft:nether_brick":21,"minecraft:wheat":40,"minecraft:obsidian":10,"minecraft:chicken":1,"minecraft:rotten_flesh":14,"minecraft:mossy_stone_bricks":5,"minecraft:golden_leggings":1,"minecraft:golden_sword":1,"minecraft:stone_bricks":5,"minecraft:blackstone_slab":1,"minecraft:magma_block":3,"minecraft:magma_cream":6,"minecraft:crying_obsidian":12,"minecraft:nautilus_shell":1,"minecraft:ghast_tear":1,"minecraft:quartz":1,"minecraft:netherrack":9},"minecraft:mined":{"minecraft:nether_gold_ore":5,"minecraft:white_bed":1,"minecraft:end_stone":12,"minecraft:chiseled_polished_blackstone":12,"minecraft:stone_button":1,"minecraft:cracked_polished_blackstone_bricks":28,"minecraft:spruce_leaves":5,"minecraft:polished_blackstone_bricks":14,"minecraft:furnace":3,"minecraft:iron_ore":13,"minecraft:fire":45,"minecraft:andesite":3,"minecraft:gold_block":13,"minecraft:chorus_plant":2,"minecraft:stone":55,"minecraft:soul_sand":10,"minecraft:blackstone":30,"minecraft:soul_fire":6,"minecraft:basalt":1,"minecraft:crafting_table":3,"minecraft:blackstone_slab":1,"minecraft:nether_quartz_ore":1,"minecraft:cobblestone":5,"minecraft:sugar_cane":2,"minecraft:diorite":4,"minecraft:iron_door":9,"minecraft:warped_wart_block":1,"minecraft:warped_nylium":2,"minecraft:nether_wart_block":1,"minecraft:spruce_log":7,"minecraft:gravel":1,"minecraft:dirt":2,"minecraft:cracked_stone_bricks":1,"minecraft:stone_bricks":1,"minecraft:netherrack":120,"minecraft:mossy_stone_bricks":1,"minecraft:gold_ore":42},"minecraft:used":{"minecraft:rotten_flesh":1,"minecraft:netherrack":106,"minecraft:soul_sand":9,"minecraft:dirt":25,"minecraft:warped_wart_block":1,"minecraft:spruce_boat":2,"minecraft:iron_axe":125,"minecraft:warped_nylium":5,"minecraft:basalt":1,"minecraft:golden_carrot":42,"minecraft:beef":5,"minecraft:furnace":1,"minecraft:cooked_beef":21,"minecraft:chiseled_polished_blackstone":5,"minecraft:water_bucket":11,"minecraft:diorite":1,"minecraft:iron_ore":2,"minecraft:cobblestone_stairs":4,"minecraft:stone_pickaxe":24,"minecraft:ender_pearl":20,"minecraft:blackstone":2,"minecraft:wooden_pickaxe":3,"minecraft:polished_blackstone_bricks":11,"minecraft:cracked_stone_bricks":1,"minecraft:crafting_table":2,"minecraft:crossbow":63,"minecraft:end_stone":11,"minecraft:ender_eye":2,"minecraft:cracked_polished_blackstone_bricks":17,"minecraft:iron_pickaxe":419,"minecraft:stone_axe":21,"minecraft:nether_wart_block":1,"minecraft:diamond_sword":4,"minecraft:cobblestone":46,"minecraft:bucket":12},"minecraft:custom":{"minecraft:mob_kills":50,"minecraft:interact_with_crafting_table":10,"minecraft:leave_game":2,"minecraft:time_since_death":3156,"minecraft:climb_one_cm":270,"minecraft:sprint_one_cm":361413,"minecraft:walk_one_cm":224974,"minecraft:drop":61,"minecraft:deaths":8,"minecraft:sneak_time":6951,"minecraft:walk_under_water_one_cm":17634,"minecraft:boat_one_cm":205621,"minecraft:jump":2782,"minecraft:walk_on_water_one_cm":25260,"minecraft:interact_with_furnace":14,"minecraft:play_one_minute":101231,"minecraft:time_since_rest":3286,"minecraft:damage_taken":11617,"minecraft:damage_dealt":14015,"minecraft:swim_one_cm":59159,"minecraft:player_kills":1,"minecraft:fly_one_cm":1015118,"minecraft:open_chest":17,"minecraft:crouch_one_cm":23471,"minecraft:fall_one_cm":136948},"minecraft:picked_up":{"minecraft:iron_chestplate":2,"minecraft:crafting_table":4,"minecraft:wheat":40,"minecraft:chicken":1,"minecraft:diamond_sword":1,"minecraft:wooden_pickaxe":2,"minecraft:gold_block":13,"minecraft:enchanted_book":2,"minecraft:nether_brick":21,"minecraft:golden_sword":1,"minecraft:string":5,"minecraft:iron_axe":1,"minecraft:iron_leggings":2,"minecraft:blackstone":25,"minecraft:cracked_stone_bricks":1,"minecraft:gold_nugget":44,"minecraft:bucket":3,"minecraft:spruce_planks":32,"minecraft:ender_eye":2,"minecraft:iron_pickaxe":3,"minecraft:sugar_cane":1,"minecraft:iron_boots":1,"minecraft:furnace":5,"minecraft:golden_helmet":3,"minecraft:stick":20,"minecraft:end_stone":11,"minecraft:polished_blackstone_bricks":11,"minecraft:diorite":2,"minecraft:golden_chestplate":3,"minecraft:arrow":257,"minecraft:rotten_flesh":15,"minecraft:pink_tulip":1,"minecraft:gold_ingot":3,"minecraft:obsidian":1,"minecraft:cobblestone":60,"minecraft:nautilus_shell":1,"minecraft:andesite":132,"minecraft:golden_carrot":65,"minecraft:magma_block":3,"minecraft:cooked_beef":75,"minecraft:feather":2,"minecraft:basalt":1,"minecraft:magma_cream":6,"minecraft:iron_door":4,"minecraft:water_bucket":2,"minecraft:leather":6,"minecraft:golden_leggings":1,"minecraft:blackstone_slab":1,"minecraft:golden_boots":3,"minecraft:nether_wart_block":1,"minecraft:cobblestone_stairs":4,"minecraft:dirt":27,"minecraft:bone":10,"minecraft:stone_bricks":5,"minecraft:stone_pickaxe":1,"minecraft:iron_ore":14,"minecraft:mossy_stone_bricks":5,"minecraft:glass_bottle":6,"minecraft:soul_sand":24,"minecraft:ghast_tear":1,"minecraft:chiseled_polished_blackstone":17,"minecraft:warped_wart_block":1,"minecraft:quartz":1,"minecraft:gravel":31,"minecraft:spruce_sapling":1,"minecraft:white_bed":2,"minecraft:spruce_log":9,"minecraft:gold_ore":112,"minecraft:crying_obsidian":12,"minecraft:stone_axe":1,"minecraft:spruce_boat":2,"minecraft:crossbow":2,"minecraft:cracked_polished_blackstone_bricks":24,"minecraft:chorus_fruit":21,"minecraft:netherrack":150,"minecraft:warped_nylium":5,"minecraft:coal":17,"minecraft:ender_pearl":49},"minecraft:crafted":{"minecraft:stone_pickaxe":1,"minecraft:golden_boots":1,"minecraft:spruce_planks":36,"minecraft:bucket":1,"minecraft:stone_axe":1,"minecraft:air":0,"minecraft:stick":8,"minecraft:iron_ingot":6,"minecraft:iron_pickaxe":1,"minecraft:iron_leggings":1,"minecraft:gold_ingot":98},"minecraft:killed_by":{"minecraft:ghast":1,"minecraft:player":1,"minecraft:skeleton":1},"minecraft:killed":{"minecraft:spider":2,"minecraft:skeleton":4,"minecraft:chicken":1,"minecraft:silverfish":2,"minecraft:drowned":2,"minecraft:piglin":9,"minecraft:creeper":2,"minecraft:zombie":8,"minecraft:enderman":19},"minecraft:broken":{"minecraft:golden_helmet":1,"minecraft:golden_boots":1,"minecraft:golden_leggings":1,"minecraft:iron_axe":1}},"DataVersion":2567}