{"stats":{"minecraft:dropped":{"minecraft:sugar_cane":1,"minecraft:spruce_sapling":1},"minecraft:mined":{"minecraft:furnace":1,"minecraft:iron_ore":12,"minecraft:spruce_log":7,"minecraft:crafting_table":2,"minecraft:cobblestone":5,"minecraft:spruce_leaves":5,"minecraft:stone":46,"minecraft:sugar_cane":2,"minecraft:gold_ore":42,"minecraft:diorite":1},"minecraft:used":{"minecraft:water_bucket":11,"minecraft:iron_ore":2,"minecraft:stone_pickaxe":24,"minecraft:iron_pickaxe":80,"minecraft:wooden_pickaxe":3,"minecraft:stone_axe":14,"minecraft:dirt":1,"minecraft:cobblestone":42,"minecraft:crafting_table":1,"minecraft:furnace":1,"minecraft:bucket":12,"minecraft:cooked_beef":2},"minecraft:picked_up":{"minecraft:stick":8,"minecraft:crafting_table":2,"minecraft:cooked_beef":4,"minecraft:wooden_pickaxe":1,"minecraft:spruce_sapling":1,"minecraft:diorite":1,"minecraft:spruce_log":9,"minecraft:gold_ore":42,"minecraft:string":2,"minecraft:dirt":2,"minecraft:rotten_flesh":1,"minecraft:iron_ore":14,"minecraft:sugar_cane":1,"minecraft:coal":7,"minecraft:cobblestone":54,"minecraft:furnace":1},"minecraft:custom":{"minecraft:time_since_rest":19759,"minecraft:interact_with_furnace":11,"minecraft:sprint_one_cm":53085,"minecraft:damage_taken":174,"minecraft:walk_one_cm":31781,"minecraft:mob_kills":2,"minecraft:drop":2,"minecraft:damage_dealt":415,"minecraft:interact_with_crafting_table":8,"minecraft:swim_one_cm":40295,"minecraft:fly_one_cm":62121,"minecraft:crouch_one_cm":6375,"minecraft:play_one_minute":19759,"minecraft:sneak_time":1880,"minecraft:walk_under_water_one_cm":8244,"minecraft:boat_one_cm":34607,"minecraft:jump":369,"minecraft:walk_on_water_one_cm":14892,"minecraft:time_since_death":19759,"minecraft:fall_one_cm":10368},"minecraft:crafted":{"minecraft:spruce_planks":36,"minecraft:stick":8,"minecraft:iron_ingot":6,"minecraft:iron_pickaxe":1,"minecraft:stone_pickaxe":1,"minecraft:bucket":1,"minecraft:stone_axe":1,"minecraft:air":0},"minecraft:killed":{"minecraft:zombie":1,"minecraft:spider":1}},"DataVersion":2567}