{"stats":{"minecraft:dropped":{"minecraft:sugar_cane":1,"minecraft:spruce_sapling":1,"minecraft:gold_ingot":2},"minecraft:mined":{"minecraft:nether_gold_ore":5,"minecraft:soul_sand":3,"minecraft:soul_fire":6,"minecraft:basalt":1,"minecraft:crafting_table":3,"minecraft:cracked_polished_blackstone_bricks":3,"minecraft:cobblestone":5,"minecraft:spruce_leaves":5,"minecraft:sugar_cane":2,"minecraft:diorite":1,"minecraft:warped_wart_block":1,"minecraft:polished_blackstone_bricks":2,"minecraft:warped_nylium":2,"minecraft:furnace":3,"minecraft:nether_wart_block":1,"minecraft:iron_ore":12,"minecraft:fire":16,"minecraft:spruce_log":7,"minecraft:stone":46,"minecraft:netherrack":111,"minecraft:gold_ore":42},"minecraft:used":{"minecraft:water_bucket":11,"minecraft:diorite":1,"minecraft:iron_ore":2,"minecraft:stone_pickaxe":24,"minecraft:wooden_pickaxe":3,"minecraft:rotten_flesh":1,"minecraft:netherrack":105,"minecraft:dirt":2,"minecraft:crafting_table":2,"minecraft:iron_axe":4,"minecraft:iron_pickaxe":218,"minecraft:stone_axe":21,"minecraft:nether_wart_block":1,"minecraft:golden_carrot":4,"minecraft:cobblestone":43,"minecraft:beef":5,"minecraft:furnace":1,"minecraft:bucket":12,"minecraft:cooked_beef":18},"minecraft:custom":{"minecraft:interact_with_furnace":14,"minecraft:mob_kills":5,"minecraft:interact_with_crafting_table":9,"minecraft:play_one_minute":43707,"minecraft:leave_game":1,"minecraft:time_since_death":5369,"minecraft:climb_one_cm":270,"minecraft:time_since_rest":5411,"minecraft:sprint_one_cm":152348,"minecraft:damage_taken":2527,"minecraft:walk_one_cm":76276,"minecraft:drop":4,"minecraft:damage_dealt":1564,"minecraft:swim_one_cm":40295,"minecraft:fly_one_cm":297527,"minecraft:crouch_one_cm":12625,"minecraft:deaths":2,"minecraft:sneak_time":3522,"minecraft:walk_under_water_one_cm":8244,"minecraft:boat_one_cm":37596,"minecraft:jump":1477,"minecraft:walk_on_water_one_cm":14892,"minecraft:fall_one_cm":57564},"minecraft:picked_up":{"minecraft:crafting_table":4,"minecraft:basalt":1,"minecraft:cooked_beef":11,"minecraft:water_bucket":1,"minecraft:wooden_pickaxe":2,"minecraft:golden_boots":1,"minecraft:nether_wart_block":1,"minecraft:string":4,"minecraft:dirt":2,"minecraft:bone":2,"minecraft:gold_nugget":44,"minecraft:spruce_planks":32,"minecraft:stone_pickaxe":1,"minecraft:iron_ore":14,"minecraft:iron_pickaxe":1,"minecraft:sugar_cane":1,"minecraft:soul_sand":6,"minecraft:furnace":5,"minecraft:stick":18,"minecraft:warped_wart_block":1,"minecraft:polished_blackstone_bricks":2,"minecraft:spruce_sapling":1,"minecraft:diorite":1,"minecraft:spruce_log":9,"minecraft:gold_ore":112,"minecraft:arrow":2,"minecraft:rotten_flesh":1,"minecraft:stone_axe":1,"minecraft:cracked_polished_blackstone_bricks":3,"minecraft:gold_ingot":2,"minecraft:warped_nylium":1,"minecraft:netherrack":141,"minecraft:coal":17,"minecraft:cobblestone":54},"minecraft:crafted":{"minecraft:spruce_planks":36,"minecraft:bucket":1,"minecraft:stone_axe":1,"minecraft:air":0,"minecraft:stick":8,"minecraft:iron_ingot":6,"minecraft:iron_pickaxe":1,"minecraft:stone_pickaxe":1,"minecraft:gold_ingot":8,"minecraft:golden_boots":1},"minecraft:killed_by":{"minecraft:ghast":1,"minecraft:skeleton":1},"minecraft:killed":{"minecraft:spider":1,"minecraft:skeleton":2,"minecraft:zombie":1,"minecraft:enderman":1}},"DataVersion":2567}