{"stats":{"minecraft:dropped":{"minecraft:golden_boots":3,"minecraft:sugar_cane":1,"minecraft:golden_helmet":2,"minecraft:obsidian":10,"minecraft:gold_block":3,"minecraft:golden_leggings":1,"minecraft:golden_sword":1,"minecraft:pink_tulip":1,"minecraft:spruce_sapling":1,"minecraft:gold_ingot":129},"minecraft:mined":{"minecraft:nether_gold_ore":5,"minecraft:blackstone":30,"minecraft:soul_sand":3,"minecraft:soul_fire":6,"minecraft:basalt":1,"minecraft:crafting_table":3,"minecraft:chiseled_polished_blackstone":12,"minecraft:blackstone_slab":1,"minecraft:cracked_polished_blackstone_bricks":28,"minecraft:nether_quartz_ore":1,"minecraft:cobblestone":5,"minecraft:spruce_leaves":5,"minecraft:sugar_cane":2,"minecraft:diorite":1,"minecraft:warped_wart_block":1,"minecraft:polished_blackstone_bricks":14,"minecraft:warped_nylium":2,"minecraft:furnace":3,"minecraft:nether_wart_block":1,"minecraft:iron_ore":13,"minecraft:fire":17,"minecraft:spruce_log":7,"minecraft:gold_block":13,"minecraft:gravel":1,"minecraft:stone":46,"minecraft:netherrack":120,"minecraft:gold_ore":42},"minecraft:custom":{"minecraft:interact_with_furnace":14,"minecraft:mob_kills":24,"minecraft:interact_with_crafting_table":9,"minecraft:play_one_minute":67707,"minecraft:leave_game":1,"minecraft:time_since_death":29369,"minecraft:climb_one_cm":270,"minecraft:time_since_rest":29411,"minecraft:sprint_one_cm":217928,"minecraft:damage_taken":3437,"minecraft:walk_one_cm":129762,"minecraft:drop":23,"minecraft:damage_dealt":4705,"minecraft:swim_one_cm":59159,"minecraft:fly_one_cm":350374,"minecraft:open_chest":9,"minecraft:crouch_one_cm":17384,"minecraft:deaths":2,"minecraft:sneak_time":4814,"minecraft:walk_under_water_one_cm":17445,"minecraft:boat_one_cm":205621,"minecraft:jump":1985,"minecraft:walk_on_water_one_cm":23365,"minecraft:fall_one_cm":68335},"minecraft:used":{"minecraft:chiseled_polished_blackstone":5,"minecraft:water_bucket":11,"minecraft:diorite":1,"minecraft:iron_ore":2,"minecraft:stone_pickaxe":24,"minecraft:blackstone":2,"minecraft:wooden_pickaxe":3,"minecraft:rotten_flesh":1,"minecraft:netherrack":106,"minecraft:polished_blackstone_bricks":11,"minecraft:dirt":5,"minecraft:warped_wart_block":1,"minecraft:crafting_table":2,"minecraft:crossbow":8,"minecraft:spruce_boat":2,"minecraft:ender_eye":2,"minecraft:cracked_polished_blackstone_bricks":17,"minecraft:iron_axe":39,"minecraft:iron_pickaxe":326,"minecraft:warped_nylium":5,"minecraft:stone_axe":21,"minecraft:basalt":1,"minecraft:nether_wart_block":1,"minecraft:golden_carrot":14,"minecraft:cobblestone":43,"minecraft:beef":5,"minecraft:furnace":1,"minecraft:bucket":12,"minecraft:cooked_beef":18},"minecraft:picked_up":{"minecraft:chicken":1,"minecraft:feather":2,"minecraft:magma_block":3,"minecraft:crafting_table":4,"minecraft:wheat":40,"minecraft:basalt":1,"minecraft:cooked_beef":11,"minecraft:magma_cream":6,"minecraft:water_bucket":1,"minecraft:leather":6,"minecraft:blackstone_slab":1,"minecraft:golden_leggings":1,"minecraft:wooden_pickaxe":2,"minecraft:gold_block":13,"minecraft:enchanted_book":1,"minecraft:nether_brick":21,"minecraft:golden_sword":1,"minecraft:golden_boots":2,"minecraft:nether_wart_block":1,"minecraft:string":5,"minecraft:dirt":22,"minecraft:bone":4,"minecraft:blackstone":25,"minecraft:gold_nugget":44,"minecraft:spruce_planks":32,"minecraft:stone_pickaxe":1,"minecraft:ender_eye":2,"minecraft:iron_ore":14,"minecraft:glass_bottle":3,"minecraft:iron_pickaxe":1,"minecraft:sugar_cane":1,"minecraft:soul_sand":6,"minecraft:furnace":5,"minecraft:ghast_tear":1,"minecraft:golden_helmet":1,"minecraft:stick":20,"minecraft:chiseled_polished_blackstone":11,"minecraft:quartz":1,"minecraft:warped_wart_block":1,"minecraft:gravel":31,"minecraft:polished_blackstone_bricks":11,"minecraft:spruce_sapling":1,"minecraft:diorite":1,"minecraft:spruce_log":9,"minecraft:gold_ore":112,"minecraft:crying_obsidian":6,"minecraft:arrow":11,"minecraft:rotten_flesh":9,"minecraft:spruce_boat":2,"minecraft:stone_axe":1,"minecraft:cracked_polished_blackstone_bricks":24,"minecraft:pink_tulip":1,"minecraft:gold_ingot":3,"minecraft:obsidian":1,"minecraft:warped_nylium":5,"minecraft:netherrack":150,"minecraft:coal":17,"minecraft:ender_pearl":6,"minecraft:cobblestone":54,"minecraft:nautilus_shell":1},"minecraft:crafted":{"minecraft:spruce_planks":36,"minecraft:bucket":1,"minecraft:stone_axe":1,"minecraft:air":0,"minecraft:stick":8,"minecraft:iron_ingot":6,"minecraft:iron_pickaxe":1,"minecraft:stone_pickaxe":1,"minecraft:gold_ingot":98,"minecraft:golden_boots":1},"minecraft:killed_by":{"minecraft:ghast":1,"minecraft:skeleton":1},"minecraft:killed":{"minecraft:piglin":9,"minecraft:spider":2,"minecraft:creeper":2,"minecraft:skeleton":3,"minecraft:zombie":3,"minecraft:chicken":1,"minecraft:drowned":2,"minecraft:enderman":1},"minecraft:broken":{"minecraft:golden_leggings":1}},"DataVersion":2567}