{"stats":{"minecraft:dropped":{"minecraft:sugar_cane":1,"minecraft:gold_ingot":2,"minecraft:spruce_sapling":1},"minecraft:mined":{"minecraft:nether_gold_ore":5,"minecraft:furnace":3,"minecraft:soul_sand":3,"minecraft:nether_wart_block":1,"minecraft:iron_ore":12,"minecraft:fire":9,"minecraft:soul_fire":6,"minecraft:spruce_log":7,"minecraft:crafting_table":3,"minecraft:cobblestone":5,"minecraft:spruce_leaves":5,"minecraft:stone":46,"minecraft:netherrack":63,"minecraft:sugar_cane":2,"minecraft:gold_ore":42,"minecraft:diorite":1},"minecraft:used":{"minecraft:water_bucket":11,"minecraft:diorite":1,"minecraft:iron_ore":2,"minecraft:stone_pickaxe":24,"minecraft:iron_pickaxe":154,"minecraft:wooden_pickaxe":3,"minecraft:rotten_flesh":1,"minecraft:netherrack":49,"minecraft:stone_axe":17,"minecraft:nether_wart_block":1,"minecraft:dirt":2,"minecraft:cobblestone":43,"minecraft:beef":5,"minecraft:crafting_table":2,"minecraft:furnace":1,"minecraft:bucket":12,"minecraft:cooked_beef":7},"minecraft:picked_up":{"minecraft:stick":8,"minecraft:crafting_table":3,"minecraft:cooked_beef":9,"minecraft:wooden_pickaxe":1,"minecraft:spruce_sapling":1,"minecraft:nether_wart_block":1,"minecraft:diorite":1,"minecraft:spruce_log":9,"minecraft:gold_ore":77,"minecraft:string":2,"minecraft:dirt":2,"minecraft:rotten_flesh":1,"minecraft:gold_nugget":22,"minecraft:iron_ore":14,"minecraft:soul_sand":3,"minecraft:netherrack":59,"minecraft:sugar_cane":1,"minecraft:coal":12,"minecraft:cobblestone":54,"minecraft:furnace":3},"minecraft:custom":{"minecraft:time_since_rest":3953,"minecraft:interact_with_furnace":14,"minecraft:sprint_one_cm":110561,"minecraft:damage_taken":967,"minecraft:walk_one_cm":53205,"minecraft:mob_kills":2,"minecraft:drop":4,"minecraft:damage_dealt":774,"minecraft:interact_with_crafting_table":9,"minecraft:swim_one_cm":40295,"minecraft:fly_one_cm":197597,"minecraft:crouch_one_cm":10047,"minecraft:play_one_minute":31759,"minecraft:deaths":1,"minecraft:sneak_time":2775,"minecraft:walk_under_water_one_cm":8244,"minecraft:boat_one_cm":37596,"minecraft:jump":954,"minecraft:walk_on_water_one_cm":14892,"minecraft:time_since_death":3868,"minecraft:fall_one_cm":30808},"minecraft:crafted":{"minecraft:spruce_planks":36,"minecraft:stick":8,"minecraft:iron_ingot":6,"minecraft:iron_pickaxe":1,"minecraft:stone_pickaxe":1,"minecraft:gold_ingot":8,"minecraft:bucket":1,"minecraft:stone_axe":1,"minecraft:golden_boots":1,"minecraft:air":0},"minecraft:killed_by":{"minecraft:skeleton":1},"minecraft:killed":{"minecraft:zombie":1,"minecraft:spider":1}},"DataVersion":2567}