{"stats":{"minecraft:mined":{"minecraft:iron_ore":12,"minecraft:cobblestone":4,"minecraft:spruce_leaves":5,"minecraft:spruce_log":7,"minecraft:stone":11},"minecraft:picked_up":{"minecraft:wooden_pickaxe":1,"minecraft:iron_ore":12,"minecraft:spruce_log":9,"minecraft:dirt":1,"minecraft:cobblestone":22},"minecraft:used":{"minecraft:stone_axe":2,"minecraft:dirt":1,"minecraft:cobblestone":6,"minecraft:stone_pickaxe":24,"minecraft:wooden_pickaxe":3},"minecraft:custom":{"minecraft:time_since_rest":7759,"minecraft:play_one_minute":7759,"minecraft:crouch_one_cm":1723,"minecraft:interact_with_furnace":2,"minecraft:sprint_one_cm":16993,"minecraft:damage_taken":74,"minecraft:walk_one_cm":8409,"minecraft:sneak_time":711,"minecraft:walk_under_water_one_cm":2126,"minecraft:jump":140,"minecraft:damage_dealt":140,"minecraft:time_since_death":7759,"minecraft:walk_on_water_one_cm":1729,"minecraft:swim_one_cm":20859,"minecraft:interact_with_crafting_table":4,"minecraft:fall_one_cm":4336,"minecraft:fly_one_cm":28547},"minecraft:crafted":{"minecraft:stone_axe":1,"minecraft:spruce_planks":24,"minecraft:stick":4,"minecraft:stone_pickaxe":1}},"DataVersion":2567}